{
  "ABIRoot": {
    "kind": "Root",
    "name": "TopLevel",
    "printedName": "TopLevel",
    "children": [
      {
        "kind": "Import",
        "name": "UIKit",
        "printedName": "UIKit",
        "declKind": "Import",
        "moduleName": "AdmiralCore",
        "declAttributes": [
          "RawDocComment"
        ]
      },
      {
        "kind": "Import",
        "name": "Foundation",
        "printedName": "Foundation",
        "declKind": "Import",
        "moduleName": "AdmiralCore",
        "declAttributes": [
          "RawDocComment"
        ]
      },
      {
        "kind": "Import",
        "name": "UIKit",
        "printedName": "UIKit",
        "declKind": "Import",
        "moduleName": "AdmiralCore"
      },
      {
        "kind": "TypeDecl",
        "name": "ParameterBox",
        "printedName": "ParameterBox",
        "children": [
          {
            "kind": "Constructor",
            "name": "init",
            "printedName": "init()",
            "children": [
              {
                "kind": "TypeNominal",
                "name": "ParameterBox",
                "printedName": "AdmiralCore.ParameterBox<τ_0_0, τ_0_1>",
                "children": [
                  {
                    "kind": "TypeNominal",
                    "name": "GenericTypeParam",
                    "printedName": "τ_0_0"
                  },
                  {
                    "kind": "TypeNominal",
                    "name": "GenericTypeParam",
                    "printedName": "τ_0_1"
                  }
                ],
                "usr": "s:11AdmiralCore12ParameterBoxV"
              }
            ],
            "declKind": "Constructor",
            "usr": "s:11AdmiralCore12ParameterBoxVACyxq_Gycfc",
            "mangledName": "$s11AdmiralCore12ParameterBoxVACyxq_Gycfc",
            "moduleName": "AdmiralCore",
            "genericSig": "<τ_0_0, τ_0_1 where τ_0_0 : AdmiralCore.DefaultRepresentable, τ_0_0 : Swift.RawRepresentable, τ_0_0.RawValue : Swift.Hashable>",
            "sugared_genericSig": "<S, P where S : AdmiralCore.DefaultRepresentable, S : Swift.RawRepresentable, S.RawValue : Swift.Hashable>",
            "declAttributes": [
              "AccessControl"
            ],
            "init_kind": "Designated"
          },
          {
            "kind": "Function",
            "name": "set",
            "printedName": "set(parameter:for:)",
            "children": [
              {
                "kind": "TypeNominal",
                "name": "Void",
                "printedName": "()"
              },
              {
                "kind": "TypeNominal",
                "name": "Optional",
                "printedName": "τ_0_1?",
                "children": [
                  {
                    "kind": "TypeNominal",
                    "name": "GenericTypeParam",
                    "printedName": "τ_0_1"
                  }
                ],
                "usr": "s:Sq"
              },
              {
                "kind": "TypeNominal",
                "name": "GenericTypeParam",
                "printedName": "τ_0_0"
              }
            ],
            "declKind": "Func",
            "usr": "s:11AdmiralCore12ParameterBoxV3set9parameter3foryq_Sg_xtF",
            "mangledName": "$s11AdmiralCore12ParameterBoxV3set9parameter3foryq_Sg_xtF",
            "moduleName": "AdmiralCore",
            "genericSig": "<τ_0_0, τ_0_1 where τ_0_0 : AdmiralCore.DefaultRepresentable, τ_0_0 : Swift.RawRepresentable, τ_0_0.RawValue : Swift.Hashable>",
            "sugared_genericSig": "<S, P where S : AdmiralCore.DefaultRepresentable, S : Swift.RawRepresentable, S.RawValue : Swift.Hashable>",
            "declAttributes": [
              "Mutating",
              "AccessControl"
            ],
            "funcSelfKind": "Mutating"
          },
          {
            "kind": "Function",
            "name": "parameter",
            "printedName": "parameter(for:)",
            "children": [
              {
                "kind": "TypeNominal",
                "name": "Optional",
                "printedName": "τ_0_1?",
                "children": [
                  {
                    "kind": "TypeNominal",
                    "name": "GenericTypeParam",
                    "printedName": "τ_0_1"
                  }
                ],
                "usr": "s:Sq"
              },
              {
                "kind": "TypeNominal",
                "name": "GenericTypeParam",
                "printedName": "τ_0_0"
              }
            ],
            "declKind": "Func",
            "usr": "s:11AdmiralCore12ParameterBoxV9parameter3forq_Sgx_tF",
            "mangledName": "$s11AdmiralCore12ParameterBoxV9parameter3forq_Sgx_tF",
            "moduleName": "AdmiralCore",
            "genericSig": "<τ_0_0, τ_0_1 where τ_0_0 : AdmiralCore.DefaultRepresentable, τ_0_0 : Swift.RawRepresentable, τ_0_0.RawValue : Swift.Hashable>",
            "sugared_genericSig": "<S, P where S : AdmiralCore.DefaultRepresentable, S : Swift.RawRepresentable, S.RawValue : Swift.Hashable>",
            "declAttributes": [
              "AccessControl"
            ],
            "funcSelfKind": "NonMutating"
          },
          {
            "kind": "Function",
            "name": "forEachState",
            "printedName": "forEachState(_:)",
            "children": [
              {
                "kind": "TypeNominal",
                "name": "Void",
                "printedName": "()"
              },
              {
                "kind": "TypeFunc",
                "name": "Function",
                "printedName": "(τ_0_0, τ_0_1) -> ()",
                "children": [
                  {
                    "kind": "TypeNominal",
                    "name": "Void",
                    "printedName": "()"
                  },
                  {
                    "kind": "TypeNominal",
                    "name": "Tuple",
                    "printedName": "(τ_0_0, τ_0_1)",
                    "children": [
                      {
                        "kind": "TypeNominal",
                        "name": "GenericTypeParam",
                        "printedName": "τ_0_0"
                      },
                      {
                        "kind": "TypeNominal",
                        "name": "GenericTypeParam",
                        "printedName": "τ_0_1"
                      }
                    ]
                  }
                ],
                "typeAttributes": [
                  "noescape"
                ]
              }
            ],
            "declKind": "Func",
            "usr": "s:11AdmiralCore12ParameterBoxV12forEachStateyyyx_q_tXEF",
            "mangledName": "$s11AdmiralCore12ParameterBoxV12forEachStateyyyx_q_tXEF",
            "moduleName": "AdmiralCore",
            "genericSig": "<τ_0_0, τ_0_1 where τ_0_0 : AdmiralCore.DefaultRepresentable, τ_0_0 : Swift.RawRepresentable, τ_0_0.RawValue : Swift.Hashable>",
            "sugared_genericSig": "<S, P where S : AdmiralCore.DefaultRepresentable, S : Swift.RawRepresentable, S.RawValue : Swift.Hashable>",
            "declAttributes": [
              "AccessControl"
            ],
            "funcSelfKind": "NonMutating"
          }
        ],
        "declKind": "Struct",
        "usr": "s:11AdmiralCore12ParameterBoxV",
        "mangledName": "$s11AdmiralCore12ParameterBoxV",
        "moduleName": "AdmiralCore",
        "genericSig": "<τ_0_0, τ_0_1 where τ_0_0 : AdmiralCore.DefaultRepresentable, τ_0_0 : Swift.RawRepresentable, τ_0_0.RawValue : Swift.Hashable>",
        "sugared_genericSig": "<S, P where S : AdmiralCore.DefaultRepresentable, S : Swift.RawRepresentable, S.RawValue : Swift.Hashable>",
        "declAttributes": [
          "AccessControl",
          "RawDocComment"
        ]
      },
      {
        "kind": "TypeDecl",
        "name": "DoubleParameterBox",
        "printedName": "DoubleParameterBox",
        "children": [
          {
            "kind": "Constructor",
            "name": "init",
            "printedName": "init()",
            "children": [
              {
                "kind": "TypeNominal",
                "name": "DoubleParameterBox",
                "printedName": "AdmiralCore.DoubleParameterBox<τ_0_0, τ_0_1, τ_0_2>",
                "children": [
                  {
                    "kind": "TypeNominal",
                    "name": "GenericTypeParam",
                    "printedName": "τ_0_0"
                  },
                  {
                    "kind": "TypeNominal",
                    "name": "GenericTypeParam",
                    "printedName": "τ_0_1"
                  },
                  {
                    "kind": "TypeNominal",
                    "name": "GenericTypeParam",
                    "printedName": "τ_0_2"
                  }
                ],
                "usr": "s:11AdmiralCore18DoubleParameterBoxV"
              }
            ],
            "declKind": "Constructor",
            "usr": "s:11AdmiralCore18DoubleParameterBoxVACyxq_q0_Gycfc",
            "mangledName": "$s11AdmiralCore18DoubleParameterBoxVACyxq_q0_Gycfc",
            "moduleName": "AdmiralCore",
            "genericSig": "<τ_0_0, τ_0_1, τ_0_2 where τ_0_0 : AdmiralCore.DefaultRepresentable, τ_0_0 : Swift.RawRepresentable, τ_0_1 : Swift.RawRepresentable, τ_0_0.RawValue : Swift.Hashable, τ_0_1.RawValue : Swift.Hashable>",
            "sugared_genericSig": "<S1, S2, P where S1 : AdmiralCore.DefaultRepresentable, S1 : Swift.RawRepresentable, S2 : Swift.RawRepresentable, S1.RawValue : Swift.Hashable, S2.RawValue : Swift.Hashable>",
            "declAttributes": [
              "AccessControl"
            ],
            "init_kind": "Designated"
          },
          {
            "kind": "Function",
            "name": "set",
            "printedName": "set(parameter:for:state:)",
            "children": [
              {
                "kind": "TypeNominal",
                "name": "Void",
                "printedName": "()"
              },
              {
                "kind": "TypeNominal",
                "name": "Optional",
                "printedName": "τ_0_2?",
                "children": [
                  {
                    "kind": "TypeNominal",
                    "name": "GenericTypeParam",
                    "printedName": "τ_0_2"
                  }
                ],
                "usr": "s:Sq"
              },
              {
                "kind": "TypeNominal",
                "name": "GenericTypeParam",
                "printedName": "τ_0_0"
              },
              {
                "kind": "TypeNominal",
                "name": "GenericTypeParam",
                "printedName": "τ_0_1"
              }
            ],
            "declKind": "Func",
            "usr": "s:11AdmiralCore18DoubleParameterBoxV3set9parameter3for5stateyq0_Sg_xq_tF",
            "mangledName": "$s11AdmiralCore18DoubleParameterBoxV3set9parameter3for5stateyq0_Sg_xq_tF",
            "moduleName": "AdmiralCore",
            "genericSig": "<τ_0_0, τ_0_1, τ_0_2 where τ_0_0 : AdmiralCore.DefaultRepresentable, τ_0_0 : Swift.RawRepresentable, τ_0_1 : Swift.RawRepresentable, τ_0_0.RawValue : Swift.Hashable, τ_0_1.RawValue : Swift.Hashable>",
            "sugared_genericSig": "<S1, S2, P where S1 : AdmiralCore.DefaultRepresentable, S1 : Swift.RawRepresentable, S2 : Swift.RawRepresentable, S1.RawValue : Swift.Hashable, S2.RawValue : Swift.Hashable>",
            "declAttributes": [
              "Mutating",
              "AccessControl"
            ],
            "funcSelfKind": "Mutating"
          },
          {
            "kind": "Function",
            "name": "parameter",
            "printedName": "parameter(for:state:)",
            "children": [
              {
                "kind": "TypeNominal",
                "name": "Optional",
                "printedName": "τ_0_2?",
                "children": [
                  {
                    "kind": "TypeNominal",
                    "name": "GenericTypeParam",
                    "printedName": "τ_0_2"
                  }
                ],
                "usr": "s:Sq"
              },
              {
                "kind": "TypeNominal",
                "name": "GenericTypeParam",
                "printedName": "τ_0_0"
              },
              {
                "kind": "TypeNominal",
                "name": "GenericTypeParam",
                "printedName": "τ_0_1"
              }
            ],
            "declKind": "Func",
            "usr": "s:11AdmiralCore18DoubleParameterBoxV9parameter3for5stateq0_Sgx_q_tF",
            "mangledName": "$s11AdmiralCore18DoubleParameterBoxV9parameter3for5stateq0_Sgx_q_tF",
            "moduleName": "AdmiralCore",
            "genericSig": "<τ_0_0, τ_0_1, τ_0_2 where τ_0_0 : AdmiralCore.DefaultRepresentable, τ_0_0 : Swift.RawRepresentable, τ_0_1 : Swift.RawRepresentable, τ_0_0.RawValue : Swift.Hashable, τ_0_1.RawValue : Swift.Hashable>",
            "sugared_genericSig": "<S1, S2, P where S1 : AdmiralCore.DefaultRepresentable, S1 : Swift.RawRepresentable, S2 : Swift.RawRepresentable, S1.RawValue : Swift.Hashable, S2.RawValue : Swift.Hashable>",
            "declAttributes": [
              "AccessControl"
            ],
            "funcSelfKind": "NonMutating"
          }
        ],
        "declKind": "Struct",
        "usr": "s:11AdmiralCore18DoubleParameterBoxV",
        "mangledName": "$s11AdmiralCore18DoubleParameterBoxV",
        "moduleName": "AdmiralCore",
        "genericSig": "<τ_0_0, τ_0_1, τ_0_2 where τ_0_0 : AdmiralCore.DefaultRepresentable, τ_0_0 : Swift.RawRepresentable, τ_0_1 : Swift.RawRepresentable, τ_0_0.RawValue : Swift.Hashable, τ_0_1.RawValue : Swift.Hashable>",
        "sugared_genericSig": "<S1, S2, P where S1 : AdmiralCore.DefaultRepresentable, S1 : Swift.RawRepresentable, S2 : Swift.RawRepresentable, S1.RawValue : Swift.Hashable, S2.RawValue : Swift.Hashable>",
        "declAttributes": [
          "AccessControl"
        ]
      },
      {
        "kind": "TypeDecl",
        "name": "DefaultRepresentable",
        "printedName": "DefaultRepresentable",
        "children": [
          {
            "kind": "Var",
            "name": "defaultValue",
            "printedName": "defaultValue",
            "children": [
              {
                "kind": "TypeNominal",
                "name": "GenericTypeParam",
                "printedName": "τ_0_0"
              }
            ],
            "declKind": "Var",
            "usr": "s:11AdmiralCore20DefaultRepresentableP12defaultValuexvpZ",
            "mangledName": "$s11AdmiralCore20DefaultRepresentableP12defaultValuexvpZ",
            "moduleName": "AdmiralCore",
            "static": true,
            "protocolReq": true,
            "accessors": [
              {
                "kind": "Accessor",
                "name": "Get",
                "printedName": "Get()",
                "children": [
                  {
                    "kind": "TypeNominal",
                    "name": "GenericTypeParam",
                    "printedName": "τ_0_0"
                  }
                ],
                "declKind": "Accessor",
                "usr": "s:11AdmiralCore20DefaultRepresentableP12defaultValuexvgZ",
                "mangledName": "$s11AdmiralCore20DefaultRepresentableP12defaultValuexvgZ",
                "moduleName": "AdmiralCore",
                "genericSig": "<τ_0_0 where τ_0_0 : AdmiralCore.DefaultRepresentable>",
                "sugared_genericSig": "<Self where Self : AdmiralCore.DefaultRepresentable>",
                "static": true,
                "protocolReq": true,
                "reqNewWitnessTableEntry": true,
                "accessorKind": "get"
              }
            ]
          }
        ],
        "declKind": "Protocol",
        "usr": "s:11AdmiralCore20DefaultRepresentableP",
        "mangledName": "$s11AdmiralCore20DefaultRepresentableP",
        "moduleName": "AdmiralCore",
        "declAttributes": [
          "AccessControl"
        ]
      },
      {
        "kind": "TypeDecl",
        "name": "UIFont",
        "printedName": "UIFont",
        "children": [
          {
            "kind": "Var",
            "name": "monospacedDigitFont",
            "printedName": "monospacedDigitFont",
            "children": [
              {
                "kind": "TypeNominal",
                "name": "UIFont",
                "printedName": "UIKit.UIFont",
                "usr": "c:objc(cs)UIFont"
              }
            ],
            "declKind": "Var",
            "usr": "s:So6UIFontC11AdmiralCoreE19monospacedDigitFontABvp",
            "mangledName": "$sSo6UIFontC11AdmiralCoreE19monospacedDigitFontABvp",
            "moduleName": "AdmiralCore",
            "isFromExtension": true,
            "accessors": [
              {
                "kind": "Accessor",
                "name": "Get",
                "printedName": "Get()",
                "children": [
                  {
                    "kind": "TypeNominal",
                    "name": "UIFont",
                    "printedName": "UIKit.UIFont",
                    "usr": "c:objc(cs)UIFont"
                  }
                ],
                "declKind": "Accessor",
                "usr": "s:So6UIFontC11AdmiralCoreE19monospacedDigitFontABvg",
                "mangledName": "$sSo6UIFontC11AdmiralCoreE19monospacedDigitFontABvg",
                "moduleName": "AdmiralCore",
                "isFromExtension": true,
                "accessorKind": "get"
              }
            ]
          }
        ],
        "declKind": "Class",
        "usr": "c:objc(cs)UIFont",
        "moduleName": "UIKit",
        "isOpen": true,
        "intro_iOS": "2.0",
        "objc_name": "UIFont",
        "declAttributes": [
          "Available",
          "ObjC",
          "SynthesizedProtocol",
          "NonSendable",
          "Sendable",
          "Dynamic"
        ],
        "superclassUsr": "c:objc(cs)NSObject",
        "isExternal": true,
        "inheritsConvenienceInitializers": true,
        "superclassNames": [
          "ObjectiveC.NSObject"
        ],
        "conformances": [
          {
            "kind": "Conformance",
            "name": "Sendable",
            "printedName": "Sendable",
            "usr": "s:s8SendableP",
            "mangledName": "$ss8SendableP"
          },
          {
            "kind": "Conformance",
            "name": "Equatable",
            "printedName": "Equatable",
            "usr": "s:SQ",
            "mangledName": "$sSQ"
          },
          {
            "kind": "Conformance",
            "name": "Hashable",
            "printedName": "Hashable",
            "usr": "s:SH",
            "mangledName": "$sSH"
          },
          {
            "kind": "Conformance",
            "name": "CVarArg",
            "printedName": "CVarArg",
            "usr": "s:s7CVarArgP",
            "mangledName": "$ss7CVarArgP"
          },
          {
            "kind": "Conformance",
            "name": "_KeyValueCodingAndObservingPublishing",
            "printedName": "_KeyValueCodingAndObservingPublishing",
            "usr": "s:10Foundation37_KeyValueCodingAndObservingPublishingP",
            "mangledName": "$s10Foundation37_KeyValueCodingAndObservingPublishingP"
          },
          {
            "kind": "Conformance",
            "name": "_KeyValueCodingAndObserving",
            "printedName": "_KeyValueCodingAndObserving",
            "usr": "s:10Foundation27_KeyValueCodingAndObservingP",
            "mangledName": "$s10Foundation27_KeyValueCodingAndObservingP"
          },
          {
            "kind": "Conformance",
            "name": "CustomStringConvertible",
            "printedName": "CustomStringConvertible",
            "usr": "s:s23CustomStringConvertibleP",
            "mangledName": "$ss23CustomStringConvertibleP"
          },
          {
            "kind": "Conformance",
            "name": "CustomDebugStringConvertible",
            "printedName": "CustomDebugStringConvertible",
            "usr": "s:s28CustomDebugStringConvertibleP",
            "mangledName": "$ss28CustomDebugStringConvertibleP"
          }
        ]
      }
    ],
    "json_format_version": 8
  },
  "ConstValues": [
    {
      "filePath": "\/Users\/adyatkov\/admiralui-ios-github\/Source\/AdmiralCore\/Classes\/ParameterBox.swift",
      "kind": "Dictionary",
      "offset": 295,
      "length": 3,
      "value": "[]"
    },
    {
      "filePath": "\/Users\/adyatkov\/admiralui-ios-github\/Source\/AdmiralCore\/Classes\/ParameterBox.swift",
      "kind": "Dictionary",
      "offset": 1049,
      "length": 3,
      "value": "[]"
    }
  ]
}